Project Name,Transacted Price ($),Area (SQFT),Unit Price ($ PSF),Sale Date,Street Name,Type of Sale,Type of Area,Area (SQM),Unit Price ($ PSM),Nett Price($),Property Type,Number of Units,Tenure,Postal District,Market Segment,Floor Level
PICCADILLY GRAND,"2,877,000","1,388.56","2,072",Feb-23,NORTHUMBERLAND ROAD,New Sale,Strata,129,"22,302",-,Apartment,1,99 yrs lease commencing from 2021,08,Rest of Central Region,11 to 15
PICCADILLY GRAND,"2,854,000","1,377.79","2,071",Feb-23,NORTHUMBERLAND ROAD,New Sale,Strata,128,"22,297",-,Apartment,1,99 yrs lease commencing from 2021,08,Rest of Central Region,11 to 15
PICCADILLY GRAND,"3,306,000","1,679.18","1,969",Feb-23,NORTHUMBERLAND ROAD,New Sale,Strata,156,"21,192",-,Apartment,1,99 yrs lease commencing from 2021,08,Rest of Central Region,11 to 15
1953,"1,928,000","1,130.22","1,706",Jan-23,TESSENSOHN ROAD,New Sale,Strata,105,"18,362",-,Apartment,1,Freehold,08,Rest of Central Region,06 to 10
PICCADILLY GRAND,"3,684,000","2,045.16","1,801",Jan-23,NORTHUMBERLAND ROAD,New Sale,Strata,190,"19,389",-,Apartment,1,99 yrs lease commencing from 2021,08,Rest of Central Region,21 to 25
1953,"2,468,000","1,227.1","2,011",Jan-23,TESSENSOHN ROAD,New Sale,Strata,114,"21,649",-,Apartment,1,Freehold,08,Rest of Central Region,06 to 10
1953,"3,041,000","1,506.96","2,018",Dec-22,TESSENSOHN ROAD,New Sale,Strata,140,"21,721",-,Apartment,1,Freehold,08,Rest of Central Region,06 to 10
1953,"2,354,200","1,237.86","1,902",Nov-22,TESSENSOHN ROAD,New Sale,Strata,115,"20,471",-,Apartment,1,Freehold,08,Rest of Central Region,06 to 10
1953,"2,100,000","1,119.46","1,876",Nov-22,TESSENSOHN ROAD,New Sale,Strata,104,"20,192",-,Apartment,1,Freehold,08,Rest of Central Region,06 to 10
1953,"2,651,000","1,399.32","1,894",Nov-22,TESSENSOHN ROAD,New Sale,Strata,130,"20,392",-,Apartment,1,Freehold,08,Rest of Central Region,01 to 05
PICCADILLY GRAND,"2,987,000","1,410.08","2,118",Nov-22,NORTHUMBERLAND ROAD,New Sale,Strata,131,"22,802",-,Apartment,1,99 yrs lease commencing from 2021,08,Rest of Central Region,16 to 20
1953,"2,468,000","1,227.1","2,011",Nov-22,TESSENSOHN ROAD,New Sale,Strata,114,"21,649",-,Apartment,1,Freehold,08,Rest of Central Region,06 to 10
1953,"2,060,000","1,140.98","1,805",Nov-22,TESSENSOHN ROAD,New Sale,Strata,106,"19,434",-,Apartment,1,Freehold,08,Rest of Central Region,01 to 05
PICCADILLY GRAND,"2,747,000","1,377.79","1,994",Oct-22,NORTHUMBERLAND ROAD,New Sale,Strata,128,"21,461",-,Apartment,1,99 yrs lease commencing from 2021,08,Rest of Central Region,01 to 05
1953,"2,050,000","1,130.22","1,814",Oct-22,TESSENSOHN ROAD,New Sale,Strata,105,"19,524",-,Apartment,1,Freehold,08,Rest of Central Region,01 to 05
1953,"2,080,000","1,151.75","1,806",Sep-22,TESSENSOHN ROAD,New Sale,Strata,107,"19,439",-,Apartment,1,Freehold,08,Rest of Central Region,01 to 05
1953,"2,345,000","1,227.1","1,911",Sep-22,TESSENSOHN ROAD,New Sale,Strata,114,"20,570",-,Apartment,1,Freehold,08,Rest of Central Region,06 to 10
PICCADILLY GRAND,"2,810,000","1,377.79","2,039",Sep-22,NORTHUMBERLAND ROAD,New Sale,Strata,128,"21,953",-,Apartment,1,99 yrs lease commencing from 2021,08,Rest of Central Region,11 to 15
PICCADILLY GRAND,"3,138,000","1,582.31","1,983",Sep-22,NORTHUMBERLAND ROAD,New Sale,Strata,147,"21,347",-,Apartment,1,99 yrs lease commencing from 2021,08,Rest of Central Region,11 to 15
PICCADILLY GRAND,"2,968,000","1,388.56","2,137",Sep-22,NORTHUMBERLAND ROAD,New Sale,Strata,129,"23,008",-,Apartment,1,99 yrs lease commencing from 2021,08,Rest of Central Region,21 to 25
PICCADILLY GRAND,"2,536,000","1,356.26","1,870",Sep-22,NORTHUMBERLAND ROAD,New Sale,Strata,126,"20,127",-,Apartment,1,99 yrs lease commencing from 2021,08,Rest of Central Region,21 to 25
PICCADILLY GRAND,"2,922,000","1,410.08","2,072",Sep-22,NORTHUMBERLAND ROAD,New Sale,Strata,131,"22,305",-,Apartment,1,99 yrs lease commencing from 2021,08,Rest of Central Region,06 to 10
PICCADILLY GRAND,"2,860,000","1,388.56","2,060",Sep-22,NORTHUMBERLAND ROAD,New Sale,Strata,129,"22,171",-,Apartment,1,99 yrs lease commencing from 2021,08,Rest of Central Region,06 to 10
PICCADILLY GRAND,"2,524,000","1,345.5","1,876",Aug-22,NORTHUMBERLAND ROAD,New Sale,Strata,125,"20,192",-,Apartment,1,99 yrs lease commencing from 2021,08,Rest of Central Region,21 to 25
PICCADILLY GRAND,"1,736,000",818.06,"2,122",Aug-22,NORTHUMBERLAND ROAD,New Sale,Strata,76,"22,842",-,Apartment,1,99 yrs lease commencing from 2021,08,Rest of Central Region,21 to 25
PICCADILLY GRAND,"3,128,000","1,582.31","1,977",Aug-22,NORTHUMBERLAND ROAD,New Sale,Strata,147,"21,279",-,Apartment,1,99 yrs lease commencing from 2021,08,Rest of Central Region,11 to 15
PICCADILLY GRAND,"3,426,000","1,679.18","2,040",Aug-22,NORTHUMBERLAND ROAD,New Sale,Strata,156,"21,962",-,Apartment,1,99 yrs lease commencing from 2021,08,Rest of Central Region,21 to 25
PICCADILLY GRAND,"2,376,000","1,087.16","2,186",Aug-22,NORTHUMBERLAND ROAD,New Sale,Strata,101,"23,525",-,Apartment,1,99 yrs lease commencing from 2021,08,Rest of Central Region,06 to 10
PICCADILLY GRAND,"2,913,000","1,410.08","2,066",Aug-22,NORTHUMBERLAND ROAD,New Sale,Strata,131,"22,237",-,Apartment,1,99 yrs lease commencing from 2021,08,Rest of Central Region,06 to 10
PICCADILLY GRAND,"2,336,000","1,076.4","2,170",Aug-22,NORTHUMBERLAND ROAD,New Sale,Strata,100,"23,360",-,Apartment,1,99 yrs lease commencing from 2021,08,Rest of Central Region,06 to 10
PICCADILLY GRAND,"2,358,000","1,076.4","2,191",Jul-22,NORTHUMBERLAND ROAD,New Sale,Strata,100,"23,580",-,Apartment,1,99 yrs lease commencing from 2021,08,Rest of Central Region,16 to 20
PICCADILLY GRAND,"2,366,000","1,076.4","2,198",Jul-22,NORTHUMBERLAND ROAD,New Sale,Strata,100,"23,660",-,Apartment,1,99 yrs lease commencing from 2021,08,Rest of Central Region,21 to 25
PICCADILLY GRAND,"2,851,000","1,388.56","2,053",Jul-22,NORTHUMBERLAND ROAD,New Sale,Strata,129,"22,101",-,Apartment,1,99 yrs lease commencing from 2021,08,Rest of Central Region,06 to 10
PICCADILLY GRAND,"2,774,000","1,377.79","2,013",Jul-22,NORTHUMBERLAND ROAD,New Sale,Strata,128,"21,672",-,Apartment,1,99 yrs lease commencing from 2021,08,Rest of Central Region,06 to 10
PICCADILLY GRAND,"2,792,000","1,377.79","2,026",Jul-22,NORTHUMBERLAND ROAD,New Sale,Strata,128,"21,813",-,Apartment,1,99 yrs lease commencing from 2021,08,Rest of Central Region,06 to 10
PICCADILLY GRAND,"2,756,000","1,377.79","2,000",Jul-22,NORTHUMBERLAND ROAD,New Sale,Strata,128,"21,531",-,Apartment,1,99 yrs lease commencing from 2021,08,Rest of Central Region,01 to 05
PICCADILLY GRAND,"3,176,000","1,582.31","2,007",Jul-22,NORTHUMBERLAND ROAD,New Sale,Strata,147,"21,605",-,Apartment,1,99 yrs lease commencing from 2021,08,Rest of Central Region,16 to 20
PICCADILLY GRAND,"2,374,000","1,076.4","2,205",Jun-22,NORTHUMBERLAND ROAD,New Sale,Strata,100,"23,740",-,Apartment,1,99 yrs lease commencing from 2021,08,Rest of Central Region,21 to 25
PICCADILLY GRAND,"1,168,000",484.38,"2,411",Jun-22,NORTHUMBERLAND ROAD,New Sale,Strata,45,"25,956",-,Apartment,1,99 yrs lease commencing from 2021,08,Rest of Central Region,01 to 05
PICCADILLY GRAND,"3,108,000","1,582.31","1,964",Jun-22,NORTHUMBERLAND ROAD,New Sale,Strata,147,"21,143",-,Apartment,1,99 yrs lease commencing from 2021,08,Rest of Central Region,11 to 15
PICCADILLY GRAND,"3,186,000","1,582.31","2,014",Jun-22,NORTHUMBERLAND ROAD,New Sale,Strata,147,"21,673",-,Apartment,1,99 yrs lease commencing from 2021,08,Rest of Central Region,16 to 20
PICCADILLY GRAND,"2,350,000","1,076.4","2,183",Jun-22,NORTHUMBERLAND ROAD,New Sale,Strata,100,"23,500",-,Apartment,1,99 yrs lease commencing from 2021,08,Rest of Central Region,16 to 20
PICCADILLY GRAND,"1,904,000",882.65,"2,157",Jun-22,NORTHUMBERLAND ROAD,New Sale,Strata,82,"23,220",-,Apartment,1,99 yrs lease commencing from 2021,08,Rest of Central Region,01 to 05
PICCADILLY GRAND,"1,328,000",516.67,"2,570",Jun-22,NORTHUMBERLAND ROAD,New Sale,Strata,48,"27,667",-,Apartment,1,99 yrs lease commencing from 2021,08,Rest of Central Region,21 to 25
PICCADILLY GRAND,"1,256,000",484.38,"2,593",Jun-22,NORTHUMBERLAND ROAD,New Sale,Strata,45,"27,911",-,Apartment,1,99 yrs lease commencing from 2021,08,Rest of Central Region,21 to 25
PICCADILLY GRAND,"2,886,000","1,410.08","2,047",Jun-22,NORTHUMBERLAND ROAD,New Sale,Strata,131,"22,031",-,Apartment,1,99 yrs lease commencing from 2021,08,Rest of Central Region,06 to 10
PICCADILLY GRAND,"2,958,000","1,410.08","2,098",May-22,NORTHUMBERLAND ROAD,New Sale,Strata,131,"22,580",-,Apartment,1,99 yrs lease commencing from 2021,08,Rest of Central Region,11 to 15
PICCADILLY GRAND,"2,806,000","1,388.56","2,021",May-22,NORTHUMBERLAND ROAD,New Sale,Strata,129,"21,752",-,Apartment,1,99 yrs lease commencing from 2021,08,Rest of Central Region,01 to 05
1953,"1,888,000",893.41,"2,113",May-22,TESSENSOHN ROAD,New Sale,Strata,83,"22,747",-,Apartment,1,Freehold,08,Rest of Central Region,01 to 05
PICCADILLY GRAND,"2,362,000","1,097.93","2,151",May-22,NORTHUMBERLAND ROAD,New Sale,Strata,102,"23,157",-,Apartment,1,99 yrs lease commencing from 2021,08,Rest of Central Region,16 to 20
PICCADILLY GRAND,"2,792,000","1,377.79","2,026",May-22,NORTHUMBERLAND ROAD,New Sale,Strata,128,"21,813",-,Apartment,1,99 yrs lease commencing from 2021,08,Rest of Central Region,06 to 10
PICCADILLY GRAND,"3,028,000","1,582.31","1,914",May-22,NORTHUMBERLAND ROAD,New Sale,Strata,147,"20,599",-,Apartment,1,99 yrs lease commencing from 2021,08,Rest of Central Region,01 to 05
PICCADILLY GRAND,"2,350,000","1,076.4","2,183",May-22,NORTHUMBERLAND ROAD,New Sale,Strata,100,"23,500",-,Apartment,1,99 yrs lease commencing from 2021,08,Rest of Central Region,16 to 20
PICCADILLY GRAND,"1,563,000",710.42,"2,200",May-22,NORTHUMBERLAND ROAD,New Sale,Strata,66,"23,682",-,Apartment,1,99 yrs lease commencing from 2021,08,Rest of Central Region,11 to 15
PICCADILLY GRAND,"2,314,000","1,076.4","2,150",May-22,NORTHUMBERLAND ROAD,New Sale,Strata,100,"23,140",-,Apartment,1,99 yrs lease commencing from 2021,08,Rest of Central Region,11 to 15
PICCADILLY GRAND,"1,573,000",710.42,"2,214",May-22,NORTHUMBERLAND ROAD,New Sale,Strata,66,"23,833",-,Apartment,1,99 yrs lease commencing from 2021,08,Rest of Central Region,01 to 05
PICCADILLY GRAND,"1,274,000",516.67,"2,466",May-22,NORTHUMBERLAND ROAD,New Sale,Strata,48,"26,542",-,Apartment,1,99 yrs lease commencing from 2021,08,Rest of Central Region,16 to 20
PICCADILLY GRAND,"1,525,000",645.84,"2,361",May-22,NORTHUMBERLAND ROAD,New Sale,Strata,60,"25,417",-,Apartment,1,99 yrs lease commencing from 2021,08,Rest of Central Region,16 to 20
PICCADILLY GRAND,"1,380,000",688.9,"2,003",May-22,NORTHUMBERLAND ROAD,New Sale,Strata,64,"21,563",-,Apartment,1,99 yrs lease commencing from 2021,08,Rest of Central Region,21 to 25
PICCADILLY GRAND,"1,200,000",484.38,"2,477",May-22,NORTHUMBERLAND ROAD,New Sale,Strata,45,"26,667",-,Apartment,1,99 yrs lease commencing from 2021,08,Rest of Central Region,16 to 20
PICCADILLY GRAND,"1,559,000",678.13,"2,299",May-22,NORTHUMBERLAND ROAD,New Sale,Strata,63,"24,746",-,Apartment,1,99 yrs lease commencing from 2021,08,Rest of Central Region,16 to 20
PICCADILLY GRAND,"1,520,000",710.42,"2,140",May-22,NORTHUMBERLAND ROAD,New Sale,Strata,66,"23,030",-,Apartment,1,99 yrs lease commencing from 2021,08,Rest of Central Region,01 to 05
PICCADILLY GRAND,"2,230,000","1,076.4","2,072",May-22,NORTHUMBERLAND ROAD,New Sale,Strata,100,"22,300",-,Apartment,1,99 yrs lease commencing from 2021,08,Rest of Central Region,01 to 05
PICCADILLY GRAND,"2,164,000","1,097.93","1,971",May-22,NORTHUMBERLAND ROAD,New Sale,Strata,102,"21,216",-,Apartment,1,99 yrs lease commencing from 2021,08,Rest of Central Region,01 to 05
PICCADILLY GRAND,"1,348,000",645.84,"2,087",May-22,NORTHUMBERLAND ROAD,New Sale,Strata,60,"22,467",-,Apartment,1,99 yrs lease commencing from 2021,08,Rest of Central Region,01 to 05
PICCADILLY GRAND,"2,238,000","1,076.4","2,079",May-22,NORTHUMBERLAND ROAD,New Sale,Strata,100,"22,380",-,Apartment,1,99 yrs lease commencing from 2021,08,Rest of Central Region,01 to 05
PICCADILLY GRAND,"2,172,000","1,097.93","1,978",May-22,NORTHUMBERLAND ROAD,New Sale,Strata,102,"21,294",-,Apartment,1,99 yrs lease commencing from 2021,08,Rest of Central Region,01 to 05
PICCADILLY GRAND,"1,365,000",645.84,"2,114",May-22,NORTHUMBERLAND ROAD,New Sale,Strata,60,"22,750",-,Apartment,1,99 yrs lease commencing from 2021,08,Rest of Central Region,01 to 05
PICCADILLY GRAND,"2,224,000","1,097.93","2,026",May-22,NORTHUMBERLAND ROAD,New Sale,Strata,102,"21,804",-,Apartment,1,99 yrs lease commencing from 2021,08,Rest of Central Region,06 to 10
PICCADILLY GRAND,"2,254,000","1,076.4","2,094",May-22,NORTHUMBERLAND ROAD,New Sale,Strata,100,"22,540",-,Apartment,1,99 yrs lease commencing from 2021,08,Rest of Central Region,06 to 10
PICCADILLY GRAND,"2,232,000","1,097.93","2,033",May-22,NORTHUMBERLAND ROAD,New Sale,Strata,102,"21,882",-,Apartment,1,99 yrs lease commencing from 2021,08,Rest of Central Region,06 to 10
PICCADILLY GRAND,"2,248,000","1,097.93","2,047",May-22,NORTHUMBERLAND ROAD,New Sale,Strata,102,"22,039",-,Apartment,1,99 yrs lease commencing from 2021,08,Rest of Central Region,06 to 10
PICCADILLY GRAND,"2,270,000","1,076.4","2,109",May-22,NORTHUMBERLAND ROAD,New Sale,Strata,100,"22,700",-,Apartment,1,99 yrs lease commencing from 2021,08,Rest of Central Region,06 to 10
PICCADILLY GRAND,"2,248,000","1,097.93","2,047",May-22,NORTHUMBERLAND ROAD,New Sale,Strata,102,"22,039",-,Apartment,1,99 yrs lease commencing from 2021,08,Rest of Central Region,06 to 10
PICCADILLY GRAND,"3,088,000","1,582.31","1,952",May-22,NORTHUMBERLAND ROAD,New Sale,Strata,147,"21,007",-,Apartment,1,99 yrs lease commencing from 2021,08,Rest of Central Region,06 to 10
PICCADILLY GRAND,"2,278,000","1,076.4","2,116",May-22,NORTHUMBERLAND ROAD,New Sale,Strata,100,"22,780",-,Apartment,1,99 yrs lease commencing from 2021,08,Rest of Central Region,06 to 10
PICCADILLY GRAND,"2,256,000","1,097.93","2,055",May-22,NORTHUMBERLAND ROAD,New Sale,Strata,102,"22,118",-,Apartment,1,99 yrs lease commencing from 2021,08,Rest of Central Region,06 to 10
PICCADILLY GRAND,"1,416,000",645.84,"2,192",May-22,NORTHUMBERLAND ROAD,New Sale,Strata,60,"23,600",-,Apartment,1,99 yrs lease commencing from 2021,08,Rest of Central Region,06 to 10
PICCADILLY GRAND,"2,286,000","1,076.4","2,124",May-22,NORTHUMBERLAND ROAD,New Sale,Strata,100,"22,860",-,Apartment,1,99 yrs lease commencing from 2021,08,Rest of Central Region,11 to 15
PICCADILLY GRAND,"2,264,000","1,097.93","2,062",May-22,NORTHUMBERLAND ROAD,New Sale,Strata,102,"22,196",-,Apartment,1,99 yrs lease commencing from 2021,08,Rest of Central Region,11 to 15
PICCADILLY GRAND,"1,423,000",645.84,"2,203",May-22,NORTHUMBERLAND ROAD,New Sale,Strata,60,"23,717",-,Apartment,1,99 yrs lease commencing from 2021,08,Rest of Central Region,11 to 15
PICCADILLY GRAND,"2,294,000","1,076.4","2,131",May-22,NORTHUMBERLAND ROAD,New Sale,Strata,100,"22,940",-,Apartment,1,99 yrs lease commencing from 2021,08,Rest of Central Region,11 to 15
PICCADILLY GRAND,"2,272,000","1,097.93","2,069",May-22,NORTHUMBERLAND ROAD,New Sale,Strata,102,"22,275",-,Apartment,1,99 yrs lease commencing from 2021,08,Rest of Central Region,11 to 15
PICCADILLY GRAND,"2,302,000","1,076.4","2,139",May-22,NORTHUMBERLAND ROAD,New Sale,Strata,100,"23,020",-,Apartment,1,99 yrs lease commencing from 2021,08,Rest of Central Region,11 to 15
PICCADILLY GRAND,"2,280,000","1,097.93","2,077",May-22,NORTHUMBERLAND ROAD,New Sale,Strata,102,"22,353",-,Apartment,1,99 yrs lease commencing from 2021,08,Rest of Central Region,11 to 15
PICCADILLY GRAND,"1,575,000",710.42,"2,217",May-22,NORTHUMBERLAND ROAD,New Sale,Strata,66,"23,864",-,Apartment,1,99 yrs lease commencing from 2021,08,Rest of Central Region,11 to 15
PICCADILLY GRAND,"2,310,000","1,076.4","2,146",May-22,NORTHUMBERLAND ROAD,New Sale,Strata,100,"23,100",-,Apartment,1,99 yrs lease commencing from 2021,08,Rest of Central Region,11 to 15
PICCADILLY GRAND,"2,288,000","1,097.93","2,084",May-22,NORTHUMBERLAND ROAD,New Sale,Strata,102,"22,431",-,Apartment,1,99 yrs lease commencing from 2021,08,Rest of Central Region,11 to 15
PICCADILLY GRAND,"1,582,000",710.42,"2,227",May-22,NORTHUMBERLAND ROAD,New Sale,Strata,66,"23,970",-,Apartment,1,99 yrs lease commencing from 2021,08,Rest of Central Region,11 to 15
PICCADILLY GRAND,"2,318,000","1,076.4","2,153",May-22,NORTHUMBERLAND ROAD,New Sale,Strata,100,"23,180",-,Apartment,1,99 yrs lease commencing from 2021,08,Rest of Central Region,11 to 15
PICCADILLY GRAND,"2,296,000","1,097.93","2,091",May-22,NORTHUMBERLAND ROAD,New Sale,Strata,102,"22,510",-,Apartment,1,99 yrs lease commencing from 2021,08,Rest of Central Region,11 to 15
PICCADILLY GRAND,"1,466,000",645.84,"2,270",May-22,NORTHUMBERLAND ROAD,New Sale,Strata,60,"24,433",-,Apartment,1,99 yrs lease commencing from 2021,08,Rest of Central Region,11 to 15
PICCADILLY GRAND,"1,589,000",710.42,"2,237",May-22,NORTHUMBERLAND ROAD,New Sale,Strata,66,"24,076",-,Apartment,1,99 yrs lease commencing from 2021,08,Rest of Central Region,16 to 20
PICCADILLY GRAND,"2,326,000","1,076.4","2,161",May-22,NORTHUMBERLAND ROAD,New Sale,Strata,100,"23,260",-,Apartment,1,99 yrs lease commencing from 2021,08,Rest of Central Region,16 to 20
PICCADILLY GRAND,"2,338,000","1,097.93","2,129",May-22,NORTHUMBERLAND ROAD,New Sale,Strata,102,"22,922",-,Apartment,1,99 yrs lease commencing from 2021,08,Rest of Central Region,16 to 20
PICCADILLY GRAND,"1,481,000",645.84,"2,293",May-22,NORTHUMBERLAND ROAD,New Sale,Strata,60,"24,683",-,Apartment,1,99 yrs lease commencing from 2021,08,Rest of Central Region,16 to 20
PICCADILLY GRAND,"1,596,000",710.42,"2,247",May-22,NORTHUMBERLAND ROAD,New Sale,Strata,66,"24,182",-,Apartment,1,99 yrs lease commencing from 2021,08,Rest of Central Region,16 to 20
PICCADILLY GRAND,"2,334,000","1,076.4","2,168",May-22,NORTHUMBERLAND ROAD,New Sale,Strata,100,"23,340",-,Apartment,1,99 yrs lease commencing from 2021,08,Rest of Central Region,16 to 20
PICCADILLY GRAND,"2,346,000","1,097.93","2,137",May-22,NORTHUMBERLAND ROAD,New Sale,Strata,102,"23,000",-,Apartment,1,99 yrs lease commencing from 2021,08,Rest of Central Region,16 to 20
PICCADILLY GRAND,"1,488,000",645.84,"2,304",May-22,NORTHUMBERLAND ROAD,New Sale,Strata,60,"24,800",-,Apartment,1,99 yrs lease commencing from 2021,08,Rest of Central Region,16 to 20
PICCADILLY GRAND,"3,196,000","1,582.31","2,020",May-22,NORTHUMBERLAND ROAD,New Sale,Strata,147,"21,741",-,Apartment,1,99 yrs lease commencing from 2021,08,Rest of Central Region,16 to 20
PICCADILLY GRAND,"1,610,000",710.42,"2,266",May-22,NORTHUMBERLAND ROAD,New Sale,Strata,66,"24,394",-,Apartment,1,99 yrs lease commencing from 2021,08,Rest of Central Region,16 to 20
PICCADILLY GRAND,"2,362,000","1,097.93","2,151",May-22,NORTHUMBERLAND ROAD,New Sale,Strata,102,"23,157",-,Apartment,1,99 yrs lease commencing from 2021,08,Rest of Central Region,16 to 20
PICCADILLY GRAND,"1,502,000",645.84,"2,326",May-22,NORTHUMBERLAND ROAD,New Sale,Strata,60,"25,033",-,Apartment,1,99 yrs lease commencing from 2021,08,Rest of Central Region,16 to 20
PICCADILLY GRAND,"3,014,000","1,410.08","2,137",May-22,NORTHUMBERLAND ROAD,New Sale,Strata,131,"23,008",-,Apartment,1,99 yrs lease commencing from 2021,08,Rest of Central Region,16 to 20
PICCADILLY GRAND,"3,196,000","1,582.31","2,020",May-22,NORTHUMBERLAND ROAD,New Sale,Strata,147,"21,741",-,Apartment,1,99 yrs lease commencing from 2021,08,Rest of Central Region,16 to 20
PICCADILLY GRAND,"1,610,000",710.42,"2,266",May-22,NORTHUMBERLAND ROAD,New Sale,Strata,66,"24,394",-,Apartment,1,99 yrs lease commencing from 2021,08,Rest of Central Region,16 to 20
PICCADILLY GRAND,"1,502,000",645.84,"2,326",May-22,NORTHUMBERLAND ROAD,New Sale,Strata,60,"25,033",-,Apartment,1,99 yrs lease commencing from 2021,08,Rest of Central Region,16 to 20
PICCADILLY GRAND,"1,617,000",710.42,"2,276",May-22,NORTHUMBERLAND ROAD,New Sale,Strata,66,"24,500",-,Apartment,1,99 yrs lease commencing from 2021,08,Rest of Central Region,16 to 20
PICCADILLY GRAND,"2,370,000","1,097.93","2,159",May-22,NORTHUMBERLAND ROAD,New Sale,Strata,102,"23,235",-,Apartment,1,99 yrs lease commencing from 2021,08,Rest of Central Region,16 to 20
PICCADILLY GRAND,"1,509,000",645.84,"2,336",May-22,NORTHUMBERLAND ROAD,New Sale,Strata,60,"25,150",-,Apartment,1,99 yrs lease commencing from 2021,08,Rest of Central Region,16 to 20
PICCADILLY GRAND,"3,216,000","1,582.31","2,032",May-22,NORTHUMBERLAND ROAD,New Sale,Strata,147,"21,878",-,Apartment,1,99 yrs lease commencing from 2021,08,Rest of Central Region,21 to 25
PICCADILLY GRAND,"1,624,000",710.42,"2,286",May-22,NORTHUMBERLAND ROAD,New Sale,Strata,66,"24,606",-,Apartment,1,99 yrs lease commencing from 2021,08,Rest of Central Region,21 to 25
PICCADILLY GRAND,"2,378,000","1,097.93","2,166",May-22,NORTHUMBERLAND ROAD,New Sale,Strata,102,"23,314",-,Apartment,1,99 yrs lease commencing from 2021,08,Rest of Central Region,21 to 25
PICCADILLY GRAND,"1,516,000",645.84,"2,347",May-22,NORTHUMBERLAND ROAD,New Sale,Strata,60,"25,267",-,Apartment,1,99 yrs lease commencing from 2021,08,Rest of Central Region,21 to 25
PICCADILLY GRAND,"3,226,000","1,582.31","2,039",May-22,NORTHUMBERLAND ROAD,New Sale,Strata,147,"21,946",-,Apartment,1,99 yrs lease commencing from 2021,08,Rest of Central Region,21 to 25
PICCADILLY GRAND,"1,631,000",710.42,"2,296",May-22,NORTHUMBERLAND ROAD,New Sale,Strata,66,"24,712",-,Apartment,1,99 yrs lease commencing from 2021,08,Rest of Central Region,21 to 25
PICCADILLY GRAND,"2,386,000","1,097.93","2,173",May-22,NORTHUMBERLAND ROAD,New Sale,Strata,102,"23,392",-,Apartment,1,99 yrs lease commencing from 2021,08,Rest of Central Region,21 to 25
PICCADILLY GRAND,"1,523,000",645.84,"2,358",May-22,NORTHUMBERLAND ROAD,New Sale,Strata,60,"25,383",-,Apartment,1,99 yrs lease commencing from 2021,08,Rest of Central Region,21 to 25
PICCADILLY GRAND,"1,731,000",871.88,"1,985",May-22,NORTHUMBERLAND ROAD,New Sale,Strata,81,"21,370",-,Apartment,1,99 yrs lease commencing from 2021,08,Rest of Central Region,21 to 25
PICCADILLY GRAND,"1,623,000",818.06,"1,984",May-22,NORTHUMBERLAND ROAD,New Sale,Strata,76,"21,355",-,Apartment,1,99 yrs lease commencing from 2021,08,Rest of Central Region,21 to 25
PICCADILLY GRAND,"1,375,000",645.84,"2,129",May-22,NORTHUMBERLAND ROAD,New Sale,Strata,60,"22,917",-,Apartment,1,99 yrs lease commencing from 2021,08,Rest of Central Region,01 to 05
PICCADILLY GRAND,"2,197,000","1,087.16","2,021",May-22,NORTHUMBERLAND ROAD,New Sale,Strata,101,"21,752",-,Apartment,1,99 yrs lease commencing from 2021,08,Rest of Central Region,01 to 05
PICCADILLY GRAND,"1,158,000",516.67,"2,241",May-22,NORTHUMBERLAND ROAD,New Sale,Strata,48,"24,125",-,Apartment,1,99 yrs lease commencing from 2021,08,Rest of Central Region,01 to 05
PICCADILLY GRAND,"1,382,000",645.84,"2,140",May-22,NORTHUMBERLAND ROAD,New Sale,Strata,60,"23,033",-,Apartment,1,99 yrs lease commencing from 2021,08,Rest of Central Region,01 to 05
PICCADILLY GRAND,"2,228,000","1,087.16","2,049",May-22,NORTHUMBERLAND ROAD,New Sale,Strata,101,"22,059",-,Apartment,1,99 yrs lease commencing from 2021,08,Rest of Central Region,01 to 05
PICCADILLY GRAND,"1,796,000",882.65,"2,035",May-22,NORTHUMBERLAND ROAD,New Sale,Strata,82,"21,902",-,Apartment,1,99 yrs lease commencing from 2021,08,Rest of Central Region,01 to 05
PICCADILLY GRAND,"1,164,000",516.67,"2,253",May-22,NORTHUMBERLAND ROAD,New Sale,Strata,48,"24,250",-,Apartment,1,99 yrs lease commencing from 2021,08,Rest of Central Region,01 to 05
PICCADILLY GRAND,"2,221,000","1,087.16","2,043",May-22,NORTHUMBERLAND ROAD,New Sale,Strata,101,"21,990",-,Apartment,1,99 yrs lease commencing from 2021,08,Rest of Central Region,06 to 10
PICCADILLY GRAND,"1,812,000",882.65,"2,053",May-22,NORTHUMBERLAND ROAD,New Sale,Strata,82,"22,098",-,Apartment,1,99 yrs lease commencing from 2021,08,Rest of Central Region,06 to 10
PICCADILLY GRAND,"2,237,000","1,087.16","2,058",May-22,NORTHUMBERLAND ROAD,New Sale,Strata,101,"22,149",-,Apartment,1,99 yrs lease commencing from 2021,08,Rest of Central Region,06 to 10
PICCADILLY GRAND,"1,410,000",645.84,"2,183",May-22,NORTHUMBERLAND ROAD,New Sale,Strata,60,"23,500",-,Apartment,1,99 yrs lease commencing from 2021,08,Rest of Central Region,06 to 10
PICCADILLY GRAND,"3,268,000","1,679.18","1,946",May-22,NORTHUMBERLAND ROAD,New Sale,Strata,156,"20,949",-,Apartment,1,99 yrs lease commencing from 2021,08,Rest of Central Region,06 to 10
PICCADILLY GRAND,"2,237,000","1,087.16","2,058",May-22,NORTHUMBERLAND ROAD,New Sale,Strata,101,"22,149",-,Apartment,1,99 yrs lease commencing from 2021,08,Rest of Central Region,06 to 10
PICCADILLY GRAND,"1,188,000",516.67,"2,299",May-22,NORTHUMBERLAND ROAD,New Sale,Strata,48,"24,750",-,Apartment,1,99 yrs lease commencing from 2021,08,Rest of Central Region,06 to 10
PICCADILLY GRAND,"1,417,000",645.84,"2,194",May-22,NORTHUMBERLAND ROAD,New Sale,Strata,60,"23,617",-,Apartment,1,99 yrs lease commencing from 2021,08,Rest of Central Region,06 to 10
PICCADILLY GRAND,"2,245,000","1,087.16","2,065",May-22,NORTHUMBERLAND ROAD,New Sale,Strata,101,"22,228",-,Apartment,1,99 yrs lease commencing from 2021,08,Rest of Central Region,06 to 10
PICCADILLY GRAND,"1,194,000",516.67,"2,311",May-22,NORTHUMBERLAND ROAD,New Sale,Strata,48,"24,875",-,Apartment,1,99 yrs lease commencing from 2021,08,Rest of Central Region,06 to 10
PICCADILLY GRAND,"2,253,000","1,087.16","2,072",May-22,NORTHUMBERLAND ROAD,New Sale,Strata,101,"22,307",-,Apartment,1,99 yrs lease commencing from 2021,08,Rest of Central Region,11 to 15
PICCADILLY GRAND,"1,844,000",882.65,"2,089",May-22,NORTHUMBERLAND ROAD,New Sale,Strata,82,"22,488",-,Apartment,1,99 yrs lease commencing from 2021,08,Rest of Central Region,11 to 15
PICCADILLY GRAND,"1,200,000",516.67,"2,323",May-22,NORTHUMBERLAND ROAD,New Sale,Strata,48,"25,000",-,Apartment,1,99 yrs lease commencing from 2021,08,Rest of Central Region,11 to 15
PICCADILLY GRAND,"2,261,000","1,087.16","2,080",May-22,NORTHUMBERLAND ROAD,New Sale,Strata,101,"22,386",-,Apartment,1,99 yrs lease commencing from 2021,08,Rest of Central Region,11 to 15
PICCADILLY GRAND,"1,206,000",516.67,"2,334",May-22,NORTHUMBERLAND ROAD,New Sale,Strata,48,"25,125",-,Apartment,1,99 yrs lease commencing from 2021,08,Rest of Central Region,11 to 15
PICCADILLY GRAND,"1,575,000",710.42,"2,217",May-22,NORTHUMBERLAND ROAD,New Sale,Strata,66,"23,864",-,Apartment,1,99 yrs lease commencing from 2021,08,Rest of Central Region,11 to 15
PICCADILLY GRAND,"2,292,000","1,087.16","2,108",May-22,NORTHUMBERLAND ROAD,New Sale,Strata,101,"22,693",-,Apartment,1,99 yrs lease commencing from 2021,08,Rest of Central Region,11 to 15
PICCADILLY GRAND,"1,860,000",882.65,"2,107",May-22,NORTHUMBERLAND ROAD,New Sale,Strata,82,"22,683",-,Apartment,1,99 yrs lease commencing from 2021,08,Rest of Central Region,11 to 15
PICCADILLY GRAND,"1,212,000",516.67,"2,346",May-22,NORTHUMBERLAND ROAD,New Sale,Strata,48,"25,250",-,Apartment,1,99 yrs lease commencing from 2021,08,Rest of Central Region,11 to 15
PICCADILLY GRAND,"1,445,000",645.84,"2,237",May-22,NORTHUMBERLAND ROAD,New Sale,Strata,60,"24,083",-,Apartment,1,99 yrs lease commencing from 2021,08,Rest of Central Region,11 to 15
PICCADILLY GRAND,"1,582,000",710.42,"2,227",May-22,NORTHUMBERLAND ROAD,New Sale,Strata,66,"23,970",-,Apartment,1,99 yrs lease commencing from 2021,08,Rest of Central Region,11 to 15
PICCADILLY GRAND,"2,300,000","1,087.16","2,116",May-22,NORTHUMBERLAND ROAD,New Sale,Strata,101,"22,772",-,Apartment,1,99 yrs lease commencing from 2021,08,Rest of Central Region,11 to 15
PICCADILLY GRAND,"1,868,000",882.65,"2,116",May-22,NORTHUMBERLAND ROAD,New Sale,Strata,82,"22,780",-,Apartment,1,99 yrs lease commencing from 2021,08,Rest of Central Region,11 to 15
PICCADILLY GRAND,"1,218,000",516.67,"2,357",May-22,NORTHUMBERLAND ROAD,New Sale,Strata,48,"25,375",-,Apartment,1,99 yrs lease commencing from 2021,08,Rest of Central Region,11 to 15
PICCADILLY GRAND,"1,452,000",645.84,"2,248",May-22,NORTHUMBERLAND ROAD,New Sale,Strata,60,"24,200",-,Apartment,1,99 yrs lease commencing from 2021,08,Rest of Central Region,11 to 15
PICCADILLY GRAND,"1,589,000",710.42,"2,237",May-22,NORTHUMBERLAND ROAD,New Sale,Strata,66,"24,076",-,Apartment,1,99 yrs lease commencing from 2021,08,Rest of Central Region,11 to 15
PICCADILLY GRAND,"2,285,000","1,087.16","2,102",May-22,NORTHUMBERLAND ROAD,New Sale,Strata,101,"22,624",-,Apartment,1,99 yrs lease commencing from 2021,08,Rest of Central Region,11 to 15
PICCADILLY GRAND,"1,876,000",882.65,"2,125",May-22,NORTHUMBERLAND ROAD,New Sale,Strata,82,"22,878",-,Apartment,1,99 yrs lease commencing from 2021,08,Rest of Central Region,11 to 15
PICCADILLY GRAND,"1,224,000",516.67,"2,369",May-22,NORTHUMBERLAND ROAD,New Sale,Strata,48,"25,500",-,Apartment,1,99 yrs lease commencing from 2021,08,Rest of Central Region,11 to 15
PICCADILLY GRAND,"1,459,000",645.84,"2,259",May-22,NORTHUMBERLAND ROAD,New Sale,Strata,60,"24,317",-,Apartment,1,99 yrs lease commencing from 2021,08,Rest of Central Region,16 to 20
PICCADILLY GRAND,"1,596,000",710.42,"2,247",May-22,NORTHUMBERLAND ROAD,New Sale,Strata,66,"24,182",-,Apartment,1,99 yrs lease commencing from 2021,08,Rest of Central Region,16 to 20
PICCADILLY GRAND,"2,316,000","1,087.16","2,130",May-22,NORTHUMBERLAND ROAD,New Sale,Strata,101,"22,931",-,Apartment,1,99 yrs lease commencing from 2021,08,Rest of Central Region,16 to 20
PICCADILLY GRAND,"1,884,000",882.65,"2,134",May-22,NORTHUMBERLAND ROAD,New Sale,Strata,82,"22,976",-,Apartment,1,99 yrs lease commencing from 2021,08,Rest of Central Region,16 to 20
PICCADILLY GRAND,"1,230,000",516.67,"2,381",May-22,NORTHUMBERLAND ROAD,New Sale,Strata,48,"25,625",-,Apartment,1,99 yrs lease commencing from 2021,08,Rest of Central Region,16 to 20
PICCADILLY GRAND,"1,466,000",645.84,"2,270",May-22,NORTHUMBERLAND ROAD,New Sale,Strata,60,"24,433",-,Apartment,1,99 yrs lease commencing from 2021,08,Rest of Central Region,16 to 20
PICCADILLY GRAND,"1,603,000",710.42,"2,256",May-22,NORTHUMBERLAND ROAD,New Sale,Strata,66,"24,288",-,Apartment,1,99 yrs lease commencing from 2021,08,Rest of Central Region,16 to 20
PICCADILLY GRAND,"2,325,000","1,087.16","2,139",May-22,NORTHUMBERLAND ROAD,New Sale,Strata,101,"23,020",-,Apartment,1,99 yrs lease commencing from 2021,08,Rest of Central Region,16 to 20
PICCADILLY GRAND,"1,892,000",882.65,"2,144",May-22,NORTHUMBERLAND ROAD,New Sale,Strata,82,"23,073",-,Apartment,1,99 yrs lease commencing from 2021,08,Rest of Central Region,16 to 20
PICCADILLY GRAND,"1,480,000",645.84,"2,292",May-22,NORTHUMBERLAND ROAD,New Sale,Strata,60,"24,667",-,Apartment,1,99 yrs lease commencing from 2021,08,Rest of Central Region,16 to 20
PICCADILLY GRAND,"2,941,000","1,388.56","2,118",May-22,NORTHUMBERLAND ROAD,New Sale,Strata,129,"22,798",-,Apartment,1,99 yrs lease commencing from 2021,08,Rest of Central Region,16 to 20
PICCADILLY GRAND,"1,617,000",710.42,"2,276",May-22,NORTHUMBERLAND ROAD,New Sale,Strata,66,"24,500",-,Apartment,1,99 yrs lease commencing from 2021,08,Rest of Central Region,16 to 20
PICCADILLY GRAND,"2,317,000","1,087.16","2,131",May-22,NORTHUMBERLAND ROAD,New Sale,Strata,101,"22,941",-,Apartment,1,99 yrs lease commencing from 2021,08,Rest of Central Region,16 to 20
PICCADILLY GRAND,"1,908,000",882.65,"2,162",May-22,NORTHUMBERLAND ROAD,New Sale,Strata,82,"23,268",-,Apartment,1,99 yrs lease commencing from 2021,08,Rest of Central Region,16 to 20
PICCADILLY GRAND,"1,248,000",516.67,"2,415",May-22,NORTHUMBERLAND ROAD,New Sale,Strata,48,"26,000",-,Apartment,1,99 yrs lease commencing from 2021,08,Rest of Central Region,16 to 20
PICCADILLY GRAND,"1,617,000",710.42,"2,276",May-22,NORTHUMBERLAND ROAD,New Sale,Strata,66,"24,500",-,Apartment,1,99 yrs lease commencing from 2021,08,Rest of Central Region,16 to 20
PICCADILLY GRAND,"2,317,000","1,087.16","2,131",May-22,NORTHUMBERLAND ROAD,New Sale,Strata,101,"22,941",-,Apartment,1,99 yrs lease commencing from 2021,08,Rest of Central Region,16 to 20
PICCADILLY GRAND,"1,908,000",882.65,"2,162",May-22,NORTHUMBERLAND ROAD,New Sale,Strata,82,"23,268",-,Apartment,1,99 yrs lease commencing from 2021,08,Rest of Central Region,16 to 20
PICCADILLY GRAND,"1,248,000",516.67,"2,415",May-22,NORTHUMBERLAND ROAD,New Sale,Strata,48,"26,000",-,Apartment,1,99 yrs lease commencing from 2021,08,Rest of Central Region,16 to 20
PICCADILLY GRAND,"1,487,000",645.84,"2,302",May-22,NORTHUMBERLAND ROAD,New Sale,Strata,60,"24,783",-,Apartment,1,99 yrs lease commencing from 2021,08,Rest of Central Region,16 to 20
PICCADILLY GRAND,"1,624,000",710.42,"2,286",May-22,NORTHUMBERLAND ROAD,New Sale,Strata,66,"24,606",-,Apartment,1,99 yrs lease commencing from 2021,08,Rest of Central Region,16 to 20
PICCADILLY GRAND,"2,325,000","1,087.16","2,139",May-22,NORTHUMBERLAND ROAD,New Sale,Strata,101,"23,020",-,Apartment,1,99 yrs lease commencing from 2021,08,Rest of Central Region,16 to 20
PICCADILLY GRAND,"1,916,000",882.65,"2,171",May-22,NORTHUMBERLAND ROAD,New Sale,Strata,82,"23,366",-,Apartment,1,99 yrs lease commencing from 2021,08,Rest of Central Region,16 to 20
PICCADILLY GRAND,"1,254,000",516.67,"2,427",May-22,NORTHUMBERLAND ROAD,New Sale,Strata,48,"26,125",-,Apartment,1,99 yrs lease commencing from 2021,08,Rest of Central Region,16 to 20
PICCADILLY GRAND,"1,494,000",645.84,"2,313",May-22,NORTHUMBERLAND ROAD,New Sale,Strata,60,"24,900",-,Apartment,1,99 yrs lease commencing from 2021,08,Rest of Central Region,21 to 25
PICCADILLY GRAND,"1,631,000",710.42,"2,296",May-22,NORTHUMBERLAND ROAD,New Sale,Strata,66,"24,712",-,Apartment,1,99 yrs lease commencing from 2021,08,Rest of Central Region,21 to 25
PICCADILLY GRAND,"2,357,000","1,087.16","2,168",May-22,NORTHUMBERLAND ROAD,New Sale,Strata,101,"23,337",-,Apartment,1,99 yrs lease commencing from 2021,08,Rest of Central Region,21 to 25
PICCADILLY GRAND,"1,924,000",882.65,"2,180",May-22,NORTHUMBERLAND ROAD,New Sale,Strata,82,"23,463",-,Apartment,1,99 yrs lease commencing from 2021,08,Rest of Central Region,21 to 25
PICCADILLY GRAND,"1,501,000",645.84,"2,324",May-22,NORTHUMBERLAND ROAD,New Sale,Strata,60,"25,017",-,Apartment,1,99 yrs lease commencing from 2021,08,Rest of Central Region,21 to 25
PICCADILLY GRAND,"1,638,000",710.42,"2,306",May-22,NORTHUMBERLAND ROAD,New Sale,Strata,66,"24,818",-,Apartment,1,99 yrs lease commencing from 2021,08,Rest of Central Region,21 to 25
PICCADILLY GRAND,"2,365,000","1,087.16","2,175",May-22,NORTHUMBERLAND ROAD,New Sale,Strata,101,"23,416",-,Apartment,1,99 yrs lease commencing from 2021,08,Rest of Central Region,21 to 25
PICCADILLY GRAND,"1,952,000",882.65,"2,212",May-22,NORTHUMBERLAND ROAD,New Sale,Strata,82,"23,805",-,Apartment,1,99 yrs lease commencing from 2021,08,Rest of Central Region,21 to 25
PICCADILLY GRAND,"1,266,000",516.67,"2,450",May-22,NORTHUMBERLAND ROAD,New Sale,Strata,48,"26,375",-,Apartment,1,99 yrs lease commencing from 2021,08,Rest of Central Region,21 to 25
PICCADILLY GRAND,"3,118,000","1,657.66","1,881",May-22,NORTHUMBERLAND ROAD,New Sale,Strata,154,"20,247",-,Apartment,1,99 yrs lease commencing from 2021,08,Rest of Central Region,21 to 25
PICCADILLY GRAND,"1,738,000",871.88,"1,993",May-22,NORTHUMBERLAND ROAD,New Sale,Strata,81,"21,457",-,Apartment,1,99 yrs lease commencing from 2021,08,Rest of Central Region,21 to 25
PICCADILLY GRAND,"1,063,000",484.38,"2,195",May-22,NORTHUMBERLAND ROAD,New Sale,Strata,45,"23,622",-,Apartment,1,99 yrs lease commencing from 2021,08,Rest of Central Region,01 to 05
PICCADILLY GRAND,"2,738,000","1,377.79","1,987",May-22,NORTHUMBERLAND ROAD,New Sale,Strata,128,"21,391",-,Apartment,1,99 yrs lease commencing from 2021,08,Rest of Central Region,01 to 05
PICCADILLY GRAND,"1,135,000",516.67,"2,197",May-22,NORTHUMBERLAND ROAD,New Sale,Strata,48,"23,646",-,Apartment,1,99 yrs lease commencing from 2021,08,Rest of Central Region,01 to 05
PICCADILLY GRAND,"1,058,000",484.38,"2,184",May-22,NORTHUMBERLAND ROAD,New Sale,Strata,45,"23,511",-,Apartment,1,99 yrs lease commencing from 2021,08,Rest of Central Region,01 to 05
PICCADILLY GRAND,"2,180,000","1,076.4","2,025",May-22,NORTHUMBERLAND ROAD,New Sale,Strata,100,"21,800",-,Apartment,1,99 yrs lease commencing from 2021,08,Rest of Central Region,01 to 05
PICCADILLY GRAND,"1,128,000",516.67,"2,183",May-22,NORTHUMBERLAND ROAD,New Sale,Strata,48,"23,500",-,Apartment,1,99 yrs lease commencing from 2021,08,Rest of Central Region,01 to 05
PICCADILLY GRAND,"1,069,000",484.38,"2,207",May-22,NORTHUMBERLAND ROAD,New Sale,Strata,45,"23,756",-,Apartment,1,99 yrs lease commencing from 2021,08,Rest of Central Region,01 to 05
PICCADILLY GRAND,"1,454,000",710.42,"2,047",May-22,NORTHUMBERLAND ROAD,New Sale,Strata,66,"22,030",-,Apartment,1,99 yrs lease commencing from 2021,08,Rest of Central Region,01 to 05
PICCADILLY GRAND,"1,064,000",484.38,"2,197",May-22,NORTHUMBERLAND ROAD,New Sale,Strata,45,"23,644",-,Apartment,1,99 yrs lease commencing from 2021,08,Rest of Central Region,01 to 05
PICCADILLY GRAND,"2,188,000","1,076.4","2,033",May-22,NORTHUMBERLAND ROAD,New Sale,Strata,100,"21,880",-,Apartment,1,99 yrs lease commencing from 2021,08,Rest of Central Region,01 to 05
PICCADILLY GRAND,"1,408,000",678.13,"2,076",May-22,NORTHUMBERLAND ROAD,New Sale,Strata,63,"22,349",-,Apartment,1,99 yrs lease commencing from 2021,08,Rest of Central Region,01 to 05
PICCADILLY GRAND,"1,134,000",516.67,"2,195",May-22,NORTHUMBERLAND ROAD,New Sale,Strata,48,"23,625",-,Apartment,1,99 yrs lease commencing from 2021,08,Rest of Central Region,01 to 05
PICCADILLY GRAND,"1,075,000",484.38,"2,219",May-22,NORTHUMBERLAND ROAD,New Sale,Strata,45,"23,889",-,Apartment,1,99 yrs lease commencing from 2021,08,Rest of Central Region,01 to 05
PICCADILLY GRAND,"1,461,000",710.42,"2,057",May-22,NORTHUMBERLAND ROAD,New Sale,Strata,66,"22,136",-,Apartment,1,99 yrs lease commencing from 2021,08,Rest of Central Region,01 to 05
PICCADILLY GRAND,"1,070,000",484.38,"2,209",May-22,NORTHUMBERLAND ROAD,New Sale,Strata,45,"23,778",-,Apartment,1,99 yrs lease commencing from 2021,08,Rest of Central Region,01 to 05
PICCADILLY GRAND,"2,196,000","1,076.4","2,040",May-22,NORTHUMBERLAND ROAD,New Sale,Strata,100,"21,960",-,Apartment,1,99 yrs lease commencing from 2021,08,Rest of Central Region,01 to 05
PICCADILLY GRAND,"1,415,000",678.13,"2,087",May-22,NORTHUMBERLAND ROAD,New Sale,Strata,63,"22,460",-,Apartment,1,99 yrs lease commencing from 2021,08,Rest of Central Region,01 to 05
PICCADILLY GRAND,"1,140,000",516.67,"2,206",May-22,NORTHUMBERLAND ROAD,New Sale,Strata,48,"23,750",-,Apartment,1,99 yrs lease commencing from 2021,08,Rest of Central Region,01 to 05
PICCADILLY GRAND,"2,765,000","1,377.79","2,007",May-22,NORTHUMBERLAND ROAD,New Sale,Strata,128,"21,602",-,Apartment,1,99 yrs lease commencing from 2021,08,Rest of Central Region,06 to 10
PICCADILLY GRAND,"1,468,000",710.42,"2,066",May-22,NORTHUMBERLAND ROAD,New Sale,Strata,66,"22,242",-,Apartment,1,99 yrs lease commencing from 2021,08,Rest of Central Region,06 to 10
PICCADILLY GRAND,"2,182,000","1,076.4","2,027",May-22,NORTHUMBERLAND ROAD,New Sale,Strata,100,"21,820",-,Apartment,1,99 yrs lease commencing from 2021,08,Rest of Central Region,06 to 10
PICCADILLY GRAND,"1,422,000",678.13,"2,097",May-22,NORTHUMBERLAND ROAD,New Sale,Strata,63,"22,571",-,Apartment,1,99 yrs lease commencing from 2021,08,Rest of Central Region,06 to 10
PICCADILLY GRAND,"1,475,000",710.42,"2,076",May-22,NORTHUMBERLAND ROAD,New Sale,Strata,66,"22,348",-,Apartment,1,99 yrs lease commencing from 2021,08,Rest of Central Region,06 to 10
PICCADILLY GRAND,"2,190,000","1,076.4","2,035",May-22,NORTHUMBERLAND ROAD,New Sale,Strata,100,"21,900",-,Apartment,1,99 yrs lease commencing from 2021,08,Rest of Central Region,06 to 10
PICCADILLY GRAND,"1,429,000",678.13,"2,107",May-22,NORTHUMBERLAND ROAD,New Sale,Strata,63,"22,683",-,Apartment,1,99 yrs lease commencing from 2021,08,Rest of Central Region,06 to 10
PICCADILLY GRAND,"1,099,000",484.38,"2,269",May-22,NORTHUMBERLAND ROAD,New Sale,Strata,45,"24,422",-,Apartment,1,99 yrs lease commencing from 2021,08,Rest of Central Region,06 to 10
PICCADILLY GRAND,"1,489,000",710.42,"2,096",May-22,NORTHUMBERLAND ROAD,New Sale,Strata,66,"22,561",-,Apartment,1,99 yrs lease commencing from 2021,08,Rest of Central Region,06 to 10
PICCADILLY GRAND,"2,206,000","1,076.4","2,049",May-22,NORTHUMBERLAND ROAD,New Sale,Strata,100,"22,060",-,Apartment,1,99 yrs lease commencing from 2021,08,Rest of Central Region,06 to 10
PICCADILLY GRAND,"1,443,000",678.13,"2,128",May-22,NORTHUMBERLAND ROAD,New Sale,Strata,63,"22,905",-,Apartment,1,99 yrs lease commencing from 2021,08,Rest of Central Region,06 to 10
PICCADILLY GRAND,"1,099,000",484.38,"2,269",May-22,NORTHUMBERLAND ROAD,New Sale,Strata,45,"24,422",-,Apartment,1,99 yrs lease commencing from 2021,08,Rest of Central Region,06 to 10
PICCADILLY GRAND,"1,489,000",710.42,"2,096",May-22,NORTHUMBERLAND ROAD,New Sale,Strata,66,"22,561",-,Apartment,1,99 yrs lease commencing from 2021,08,Rest of Central Region,06 to 10
PICCADILLY GRAND,"1,094,000",484.38,"2,259",May-22,NORTHUMBERLAND ROAD,New Sale,Strata,45,"24,311",-,Apartment,1,99 yrs lease commencing from 2021,08,Rest of Central Region,06 to 10
PICCADILLY GRAND,"2,206,000","1,076.4","2,049",May-22,NORTHUMBERLAND ROAD,New Sale,Strata,100,"22,060",-,Apartment,1,99 yrs lease commencing from 2021,08,Rest of Central Region,06 to 10
PICCADILLY GRAND,"1,443,000",678.13,"2,128",May-22,NORTHUMBERLAND ROAD,New Sale,Strata,63,"22,905",-,Apartment,1,99 yrs lease commencing from 2021,08,Rest of Central Region,06 to 10
PICCADILLY GRAND,"1,105,000",484.38,"2,281",May-22,NORTHUMBERLAND ROAD,New Sale,Strata,45,"24,556",-,Apartment,1,99 yrs lease commencing from 2021,08,Rest of Central Region,06 to 10
PICCADILLY GRAND,"2,801,000","1,377.79","2,033",May-22,NORTHUMBERLAND ROAD,New Sale,Strata,128,"21,883",-,Apartment,1,99 yrs lease commencing from 2021,08,Rest of Central Region,06 to 10
PICCADILLY GRAND,"1,100,000",484.38,"2,271",May-22,NORTHUMBERLAND ROAD,New Sale,Strata,45,"24,444",-,Apartment,1,99 yrs lease commencing from 2021,08,Rest of Central Region,06 to 10
PICCADILLY GRAND,"2,214,000","1,076.4","2,057",May-22,NORTHUMBERLAND ROAD,New Sale,Strata,100,"22,140",-,Apartment,1,99 yrs lease commencing from 2021,08,Rest of Central Region,06 to 10
PICCADILLY GRAND,"1,170,000",516.67,"2,264",May-22,NORTHUMBERLAND ROAD,New Sale,Strata,48,"24,375",-,Apartment,1,99 yrs lease commencing from 2021,08,Rest of Central Region,06 to 10
PICCADILLY GRAND,"1,111,000",484.38,"2,294",May-22,NORTHUMBERLAND ROAD,New Sale,Strata,45,"24,689",-,Apartment,1,99 yrs lease commencing from 2021,08,Rest of Central Region,11 to 15
PICCADILLY GRAND,"1,106,000",484.38,"2,283",May-22,NORTHUMBERLAND ROAD,New Sale,Strata,45,"24,578",-,Apartment,1,99 yrs lease commencing from 2021,08,Rest of Central Region,11 to 15
PICCADILLY GRAND,"2,222,000","1,076.4","2,064",May-22,NORTHUMBERLAND ROAD,New Sale,Strata,100,"22,220",-,Apartment,1,99 yrs lease commencing from 2021,08,Rest of Central Region,11 to 15
PICCADILLY GRAND,"1,457,000",678.13,"2,149",May-22,NORTHUMBERLAND ROAD,New Sale,Strata,63,"23,127",-,Apartment,1,99 yrs lease commencing from 2021,08,Rest of Central Region,11 to 15
PICCADILLY GRAND,"1,176,000",516.67,"2,276",May-22,NORTHUMBERLAND ROAD,New Sale,Strata,48,"24,500",-,Apartment,1,99 yrs lease commencing from 2021,08,Rest of Central Region,11 to 15
PICCADILLY GRAND,"1,117,000",484.38,"2,306",May-22,NORTHUMBERLAND ROAD,New Sale,Strata,45,"24,822",-,Apartment,1,99 yrs lease commencing from 2021,08,Rest of Central Region,11 to 15
PICCADILLY GRAND,"1,553,000",710.42,"2,186",May-22,NORTHUMBERLAND ROAD,New Sale,Strata,66,"23,530",-,Apartment,1,99 yrs lease commencing from 2021,08,Rest of Central Region,11 to 15
PICCADILLY GRAND,"2,230,000","1,076.4","2,072",May-22,NORTHUMBERLAND ROAD,New Sale,Strata,100,"22,300",-,Apartment,1,99 yrs lease commencing from 2021,08,Rest of Central Region,11 to 15
PICCADILLY GRAND,"1,464,000",678.13,"2,159",May-22,NORTHUMBERLAND ROAD,New Sale,Strata,63,"23,238",-,Apartment,1,99 yrs lease commencing from 2021,08,Rest of Central Region,11 to 15
PICCADILLY GRAND,"1,182,000",516.67,"2,288",May-22,NORTHUMBERLAND ROAD,New Sale,Strata,48,"24,625",-,Apartment,1,99 yrs lease commencing from 2021,08,Rest of Central Region,11 to 15
PICCADILLY GRAND,"1,123,000",484.38,"2,318",May-22,NORTHUMBERLAND ROAD,New Sale,Strata,45,"24,956",-,Apartment,1,99 yrs lease commencing from 2021,08,Rest of Central Region,11 to 15
PICCADILLY GRAND,"1,560,000",710.42,"2,196",May-22,NORTHUMBERLAND ROAD,New Sale,Strata,66,"23,636",-,Apartment,1,99 yrs lease commencing from 2021,08,Rest of Central Region,11 to 15
PICCADILLY GRAND,"1,118,000",484.38,"2,308",May-22,NORTHUMBERLAND ROAD,New Sale,Strata,45,"24,844",-,Apartment,1,99 yrs lease commencing from 2021,08,Rest of Central Region,11 to 15
PICCADILLY GRAND,"2,238,000","1,076.4","2,079",May-22,NORTHUMBERLAND ROAD,New Sale,Strata,100,"22,380",-,Apartment,1,99 yrs lease commencing from 2021,08,Rest of Central Region,11 to 15
PICCADILLY GRAND,"1,471,000",678.13,"2,169",May-22,NORTHUMBERLAND ROAD,New Sale,Strata,63,"23,349",-,Apartment,1,99 yrs lease commencing from 2021,08,Rest of Central Region,11 to 15
PICCADILLY GRAND,"1,188,000",516.67,"2,299",May-22,NORTHUMBERLAND ROAD,New Sale,Strata,48,"24,750",-,Apartment,1,99 yrs lease commencing from 2021,08,Rest of Central Region,11 to 15
PICCADILLY GRAND,"1,129,000",484.38,"2,331",May-22,NORTHUMBERLAND ROAD,New Sale,Strata,45,"25,089",-,Apartment,1,99 yrs lease commencing from 2021,08,Rest of Central Region,11 to 15
PICCADILLY GRAND,"1,567,000",710.42,"2,206",May-22,NORTHUMBERLAND ROAD,New Sale,Strata,66,"23,742",-,Apartment,1,99 yrs lease commencing from 2021,08,Rest of Central Region,11 to 15
PICCADILLY GRAND,"1,124,000",484.38,"2,320",May-22,NORTHUMBERLAND ROAD,New Sale,Strata,45,"24,978",-,Apartment,1,99 yrs lease commencing from 2021,08,Rest of Central Region,11 to 15
PICCADILLY GRAND,"1,478,000",678.13,"2,180",May-22,NORTHUMBERLAND ROAD,New Sale,Strata,63,"23,460",-,Apartment,1,99 yrs lease commencing from 2021,08,Rest of Central Region,11 to 15
PICCADILLY GRAND,"1,194,000",516.67,"2,311",May-22,NORTHUMBERLAND ROAD,New Sale,Strata,48,"24,875",-,Apartment,1,99 yrs lease commencing from 2021,08,Rest of Central Region,11 to 15
PICCADILLY GRAND,"1,135,000",484.38,"2,343",May-22,NORTHUMBERLAND ROAD,New Sale,Strata,45,"25,222",-,Apartment,1,99 yrs lease commencing from 2021,08,Rest of Central Region,11 to 15
PICCADILLY GRAND,"1,130,000",484.38,"2,333",May-22,NORTHUMBERLAND ROAD,New Sale,Strata,45,"25,111",-,Apartment,1,99 yrs lease commencing from 2021,08,Rest of Central Region,11 to 15
PICCADILLY GRAND,"2,254,000","1,076.4","2,094",May-22,NORTHUMBERLAND ROAD,New Sale,Strata,100,"22,540",-,Apartment,1,99 yrs lease commencing from 2021,08,Rest of Central Region,11 to 15
PICCADILLY GRAND,"1,485,000",678.13,"2,190",May-22,NORTHUMBERLAND ROAD,New Sale,Strata,63,"23,571",-,Apartment,1,99 yrs lease commencing from 2021,08,Rest of Central Region,11 to 15
PICCADILLY GRAND,"1,200,000",516.67,"2,323",May-22,NORTHUMBERLAND ROAD,New Sale,Strata,48,"25,000",-,Apartment,1,99 yrs lease commencing from 2021,08,Rest of Central Region,11 to 15
PICCADILLY GRAND,"1,141,000",484.38,"2,356",May-22,NORTHUMBERLAND ROAD,New Sale,Strata,45,"25,356",-,Apartment,1,99 yrs lease commencing from 2021,08,Rest of Central Region,16 to 20
PICCADILLY GRAND,"1,147,000",484.38,"2,368",May-22,NORTHUMBERLAND ROAD,New Sale,Strata,45,"25,489",-,Apartment,1,99 yrs lease commencing from 2021,08,Rest of Central Region,16 to 20
PICCADILLY GRAND,"2,294,000","1,076.4","2,131",May-22,NORTHUMBERLAND ROAD,New Sale,Strata,100,"22,940",-,Apartment,1,99 yrs lease commencing from 2021,08,Rest of Central Region,16 to 20
PICCADILLY GRAND,"1,206,000",516.67,"2,334",May-22,NORTHUMBERLAND ROAD,New Sale,Strata,48,"25,125",-,Apartment,1,99 yrs lease commencing from 2021,08,Rest of Central Region,16 to 20
PICCADILLY GRAND,"1,147,000",484.38,"2,368",May-22,NORTHUMBERLAND ROAD,New Sale,Strata,45,"25,489",-,Apartment,1,99 yrs lease commencing from 2021,08,Rest of Central Region,16 to 20
PICCADILLY GRAND,"1,588,000",710.42,"2,235",May-22,NORTHUMBERLAND ROAD,New Sale,Strata,66,"24,061",-,Apartment,1,99 yrs lease commencing from 2021,08,Rest of Central Region,16 to 20
PICCADILLY GRAND,"1,153,000",484.38,"2,380",May-22,NORTHUMBERLAND ROAD,New Sale,Strata,45,"25,622",-,Apartment,1,99 yrs lease commencing from 2021,08,Rest of Central Region,16 to 20
PICCADILLY GRAND,"2,302,000","1,076.4","2,139",May-22,NORTHUMBERLAND ROAD,New Sale,Strata,100,"23,020",-,Apartment,1,99 yrs lease commencing from 2021,08,Rest of Central Region,16 to 20
PICCADILLY GRAND,"1,499,000",678.13,"2,210",May-22,NORTHUMBERLAND ROAD,New Sale,Strata,63,"23,794",-,Apartment,1,99 yrs lease commencing from 2021,08,Rest of Central Region,16 to 20
PICCADILLY GRAND,"1,225,000",516.67,"2,371",May-22,NORTHUMBERLAND ROAD,New Sale,Strata,48,"25,521",-,Apartment,1,99 yrs lease commencing from 2021,08,Rest of Central Region,16 to 20
PICCADILLY GRAND,"1,159,000",484.38,"2,393",May-22,NORTHUMBERLAND ROAD,New Sale,Strata,45,"25,756",-,Apartment,1,99 yrs lease commencing from 2021,08,Rest of Central Region,16 to 20
PICCADILLY GRAND,"1,604,000",710.42,"2,258",May-22,NORTHUMBERLAND ROAD,New Sale,Strata,66,"24,303",-,Apartment,1,99 yrs lease commencing from 2021,08,Rest of Central Region,16 to 20
PICCADILLY GRAND,"1,237,000",516.67,"2,394",May-22,NORTHUMBERLAND ROAD,New Sale,Strata,48,"25,771",-,Apartment,1,99 yrs lease commencing from 2021,08,Rest of Central Region,16 to 20
PICCADILLY GRAND,"1,159,000",484.38,"2,393",May-22,NORTHUMBERLAND ROAD,New Sale,Strata,45,"25,756",-,Apartment,1,99 yrs lease commencing from 2021,08,Rest of Central Region,16 to 20
PICCADILLY GRAND,"1,604,000",710.42,"2,258",May-22,NORTHUMBERLAND ROAD,New Sale,Strata,66,"24,303",-,Apartment,1,99 yrs lease commencing from 2021,08,Rest of Central Region,16 to 20
PICCADILLY GRAND,"1,165,000",484.38,"2,405",May-22,NORTHUMBERLAND ROAD,New Sale,Strata,45,"25,889",-,Apartment,1,99 yrs lease commencing from 2021,08,Rest of Central Region,16 to 20
PICCADILLY GRAND,"2,318,000","1,076.4","2,153",May-22,NORTHUMBERLAND ROAD,New Sale,Strata,100,"23,180",-,Apartment,1,99 yrs lease commencing from 2021,08,Rest of Central Region,16 to 20
PICCADILLY GRAND,"1,513,000",678.13,"2,231",May-22,NORTHUMBERLAND ROAD,New Sale,Strata,63,"24,016",-,Apartment,1,99 yrs lease commencing from 2021,08,Rest of Central Region,16 to 20
PICCADILLY GRAND,"1,237,000",516.67,"2,394",May-22,NORTHUMBERLAND ROAD,New Sale,Strata,48,"25,771",-,Apartment,1,99 yrs lease commencing from 2021,08,Rest of Central Region,16 to 20
PICCADILLY GRAND,"1,177,000",484.38,"2,430",May-22,NORTHUMBERLAND ROAD,New Sale,Strata,45,"26,156",-,Apartment,1,99 yrs lease commencing from 2021,08,Rest of Central Region,16 to 20
PICCADILLY GRAND,"1,183,000",484.38,"2,442",May-22,NORTHUMBERLAND ROAD,New Sale,Strata,45,"26,289",-,Apartment,1,99 yrs lease commencing from 2021,08,Rest of Central Region,16 to 20
PICCADILLY GRAND,"2,350,000","1,076.4","2,183",May-22,NORTHUMBERLAND ROAD,New Sale,Strata,100,"23,500",-,Apartment,1,99 yrs lease commencing from 2021,08,Rest of Central Region,16 to 20
PICCADILLY GRAND,"1,520,000",678.13,"2,241",May-22,NORTHUMBERLAND ROAD,New Sale,Strata,63,"24,127",-,Apartment,1,99 yrs lease commencing from 2021,08,Rest of Central Region,16 to 20
PICCADILLY GRAND,"1,230,000",516.67,"2,381",May-22,NORTHUMBERLAND ROAD,New Sale,Strata,48,"25,625",-,Apartment,1,99 yrs lease commencing from 2021,08,Rest of Central Region,16 to 20
PICCADILLY GRAND,"1,183,000",484.38,"2,442",May-22,NORTHUMBERLAND ROAD,New Sale,Strata,45,"26,289",-,Apartment,1,99 yrs lease commencing from 2021,08,Rest of Central Region,21 to 25
PICCADILLY GRAND,"1,618,000",710.42,"2,278",May-22,NORTHUMBERLAND ROAD,New Sale,Strata,66,"24,515",-,Apartment,1,99 yrs lease commencing from 2021,08,Rest of Central Region,21 to 25
PICCADILLY GRAND,"2,358,000","1,076.4","2,191",May-22,NORTHUMBERLAND ROAD,New Sale,Strata,100,"23,580",-,Apartment,1,99 yrs lease commencing from 2021,08,Rest of Central Region,21 to 25
PICCADILLY GRAND,"1,527,000",678.13,"2,252",May-22,NORTHUMBERLAND ROAD,New Sale,Strata,63,"24,238",-,Apartment,1,99 yrs lease commencing from 2021,08,Rest of Central Region,21 to 25
PICCADILLY GRAND,"1,249,000",516.67,"2,417",May-22,NORTHUMBERLAND ROAD,New Sale,Strata,48,"26,021",-,Apartment,1,99 yrs lease commencing from 2021,08,Rest of Central Region,21 to 25
PICCADILLY GRAND,"1,189,000",484.38,"2,455",May-22,NORTHUMBERLAND ROAD,New Sale,Strata,45,"26,422",-,Apartment,1,99 yrs lease commencing from 2021,08,Rest of Central Region,21 to 25
PICCADILLY GRAND,"1,183,000",484.38,"2,442",May-22,NORTHUMBERLAND ROAD,New Sale,Strata,45,"26,289",-,Apartment,1,99 yrs lease commencing from 2021,08,Rest of Central Region,21 to 25
PICCADILLY GRAND,"2,342,000","1,076.4","2,176",May-22,NORTHUMBERLAND ROAD,New Sale,Strata,100,"23,420",-,Apartment,1,99 yrs lease commencing from 2021,08,Rest of Central Region,21 to 25
PICCADILLY GRAND,"1,534,000",678.13,"2,262",May-22,NORTHUMBERLAND ROAD,New Sale,Strata,63,"24,349",-,Apartment,1,99 yrs lease commencing from 2021,08,Rest of Central Region,21 to 25
PICCADILLY GRAND,"1,255,000",516.67,"2,429",May-22,NORTHUMBERLAND ROAD,New Sale,Strata,48,"26,146",-,Apartment,1,99 yrs lease commencing from 2021,08,Rest of Central Region,21 to 25
PICCADILLY GRAND,"1,273,000",624.31,"2,039",May-22,NORTHUMBERLAND ROAD,New Sale,Strata,58,"21,948",-,Apartment,1,99 yrs lease commencing from 2021,08,Rest of Central Region,21 to 25
PICCADILLY GRAND,"1,725,000",871.88,"1,978",May-22,NORTHUMBERLAND ROAD,New Sale,Strata,81,"21,296",-,Apartment,1,99 yrs lease commencing from 2021,08,Rest of Central Region,21 to 25
PICCADILLY GRAND,"1,279,000",624.31,"2,049",May-22,NORTHUMBERLAND ROAD,New Sale,Strata,58,"22,052",-,Apartment,1,99 yrs lease commencing from 2021,08,Rest of Central Region,21 to 25
PICCADILLY GRAND,"2,517,000","1,345.5","1,871",May-22,NORTHUMBERLAND ROAD,New Sale,Strata,125,"20,136",-,Apartment,1,99 yrs lease commencing from 2021,08,Rest of Central Region,21 to 25
PICCADILLY GRAND,"1,634,000",828.83,"1,971",May-22,NORTHUMBERLAND ROAD,New Sale,Strata,77,"21,221",-,Apartment,1,99 yrs lease commencing from 2021,08,Rest of Central Region,21 to 25
PICCADILLY GRAND,"1,356,000",688.9,"1,968",May-22,NORTHUMBERLAND ROAD,New Sale,Strata,64,"21,188",-,Apartment,1,99 yrs lease commencing from 2021,08,Rest of Central Region,21 to 25
PICCADILLY GRAND,"1,519,000",710.42,"2,138",May-22,NORTHUMBERLAND ROAD,New Sale,Strata,66,"23,015",-,Apartment,1,99 yrs lease commencing from 2021,08,Rest of Central Region,06 to 10
PICCADILLY GRAND,"1,362,000",645.84,"2,109",May-22,NORTHUMBERLAND ROAD,New Sale,Strata,60,"22,700",-,Apartment,1,99 yrs lease commencing from 2021,08,Rest of Central Region,06 to 10
PICCADILLY GRAND,"2,895,000","1,410.08","2,053",May-22,NORTHUMBERLAND ROAD,New Sale,Strata,131,"22,099",-,Apartment,1,99 yrs lease commencing from 2021,08,Rest of Central Region,06 to 10
PICCADILLY GRAND,"1,526,000",710.42,"2,148",May-22,NORTHUMBERLAND ROAD,New Sale,Strata,66,"23,121",-,Apartment,1,99 yrs lease commencing from 2021,08,Rest of Central Region,06 to 10
PICCADILLY GRAND,"1,369,000",645.84,"2,120",May-22,NORTHUMBERLAND ROAD,New Sale,Strata,60,"22,817",-,Apartment,1,99 yrs lease commencing from 2021,08,Rest of Central Region,06 to 10
PICCADILLY GRAND,"1,540,000",710.42,"2,168",May-22,NORTHUMBERLAND ROAD,New Sale,Strata,66,"23,333",-,Apartment,1,99 yrs lease commencing from 2021,08,Rest of Central Region,06 to 10
PICCADILLY GRAND,"2,270,000","1,076.4","2,109",May-22,NORTHUMBERLAND ROAD,New Sale,Strata,100,"22,700",-,Apartment,1,99 yrs lease commencing from 2021,08,Rest of Central Region,06 to 10
PICCADILLY GRAND,"1,399,000",645.84,"2,166",May-22,NORTHUMBERLAND ROAD,New Sale,Strata,60,"23,317",-,Apartment,1,99 yrs lease commencing from 2021,08,Rest of Central Region,06 to 10
PICCADILLY GRAND,"2,913,000","1,410.08","2,066",May-22,NORTHUMBERLAND ROAD,New Sale,Strata,131,"22,237",-,Apartment,1,99 yrs lease commencing from 2021,08,Rest of Central Region,06 to 10
PICCADILLY GRAND,"1,540,000",710.42,"2,168",May-22,NORTHUMBERLAND ROAD,New Sale,Strata,66,"23,333",-,Apartment,1,99 yrs lease commencing from 2021,08,Rest of Central Region,06 to 10
PICCADILLY GRAND,"1,399,000",645.84,"2,166",May-22,NORTHUMBERLAND ROAD,New Sale,Strata,60,"23,317",-,Apartment,1,99 yrs lease commencing from 2021,08,Rest of Central Region,06 to 10
PICCADILLY GRAND,"1,547,000",710.42,"2,178",May-22,NORTHUMBERLAND ROAD,New Sale,Strata,66,"23,439",-,Apartment,1,99 yrs lease commencing from 2021,08,Rest of Central Region,06 to 10
PICCADILLY GRAND,"1,554,000",710.42,"2,187",May-22,NORTHUMBERLAND ROAD,New Sale,Strata,66,"23,545",-,Apartment,1,99 yrs lease commencing from 2021,08,Rest of Central Region,11 to 15
PICCADILLY GRAND,"2,940,000","1,410.08","2,085",May-22,NORTHUMBERLAND ROAD,New Sale,Strata,131,"22,443",-,Apartment,1,99 yrs lease commencing from 2021,08,Rest of Central Region,11 to 15
PICCADILLY GRAND,"1,561,000",710.42,"2,197",May-22,NORTHUMBERLAND ROAD,New Sale,Strata,66,"23,652",-,Apartment,1,99 yrs lease commencing from 2021,08,Rest of Central Region,11 to 15
PICCADILLY GRAND,"1,435,000",645.84,"2,222",May-22,NORTHUMBERLAND ROAD,New Sale,Strata,60,"23,917",-,Apartment,1,99 yrs lease commencing from 2021,08,Rest of Central Region,11 to 15
PICCADILLY GRAND,"1,568,000",710.42,"2,207",May-22,NORTHUMBERLAND ROAD,New Sale,Strata,66,"23,758",-,Apartment,1,99 yrs lease commencing from 2021,08,Rest of Central Region,11 to 15
PICCADILLY GRAND,"1,442,000",645.84,"2,233",May-22,NORTHUMBERLAND ROAD,New Sale,Strata,60,"24,033",-,Apartment,1,99 yrs lease commencing from 2021,08,Rest of Central Region,11 to 15
PICCADILLY GRAND,"1,449,000",645.84,"2,244",May-22,NORTHUMBERLAND ROAD,New Sale,Strata,60,"24,150",-,Apartment,1,99 yrs lease commencing from 2021,08,Rest of Central Region,11 to 15
PICCADILLY GRAND,"3,206,000","1,582.31","2,026",May-22,NORTHUMBERLAND ROAD,New Sale,Strata,147,"21,810",-,Apartment,1,99 yrs lease commencing from 2021,08,Rest of Central Region,16 to 20
PICCADILLY GRAND,"3,032,000","1,410.08","2,150",May-22,NORTHUMBERLAND ROAD,New Sale,Strata,131,"23,145",-,Apartment,1,99 yrs lease commencing from 2021,08,Rest of Central Region,21 to 25
PICCADILLY GRAND,"1,476,000",710.42,"2,078",May-22,NORTHUMBERLAND ROAD,New Sale,Strata,66,"22,364",-,Apartment,1,99 yrs lease commencing from 2021,08,Rest of Central Region,01 to 05
PICCADILLY GRAND,"1,483,000",710.42,"2,087",May-22,NORTHUMBERLAND ROAD,New Sale,Strata,66,"22,470",-,Apartment,1,99 yrs lease commencing from 2021,08,Rest of Central Region,01 to 05
PICCADILLY GRAND,"1,384,000",645.84,"2,143",May-22,NORTHUMBERLAND ROAD,New Sale,Strata,60,"23,067",-,Apartment,1,99 yrs lease commencing from 2021,08,Rest of Central Region,06 to 10
PICCADILLY GRAND,"1,490,000",710.42,"2,097",May-22,NORTHUMBERLAND ROAD,New Sale,Strata,66,"22,576",-,Apartment,1,99 yrs lease commencing from 2021,08,Rest of Central Region,06 to 10
PICCADILLY GRAND,"1,804,000",882.65,"2,044",May-22,NORTHUMBERLAND ROAD,New Sale,Strata,82,"22,000",-,Apartment,1,99 yrs lease commencing from 2021,08,Rest of Central Region,06 to 10
PICCADILLY GRAND,"1,170,000",516.67,"2,264",May-22,NORTHUMBERLAND ROAD,New Sale,Strata,48,"24,375",-,Apartment,1,99 yrs lease commencing from 2021,08,Rest of Central Region,06 to 10
PICCADILLY GRAND,"1,391,000",645.84,"2,154",May-22,NORTHUMBERLAND ROAD,New Sale,Strata,60,"23,183",-,Apartment,1,99 yrs lease commencing from 2021,08,Rest of Central Region,06 to 10
PICCADILLY GRAND,"1,497,000",710.42,"2,107",May-22,NORTHUMBERLAND ROAD,New Sale,Strata,66,"22,682",-,Apartment,1,99 yrs lease commencing from 2021,08,Rest of Central Region,06 to 10
PICCADILLY GRAND,"1,176,000",516.67,"2,276",May-22,NORTHUMBERLAND ROAD,New Sale,Strata,48,"24,500",-,Apartment,1,99 yrs lease commencing from 2021,08,Rest of Central Region,06 to 10
PICCADILLY GRAND,"1,405,000",645.84,"2,175",May-22,NORTHUMBERLAND ROAD,New Sale,Strata,60,"23,417",-,Apartment,1,99 yrs lease commencing from 2021,08,Rest of Central Region,06 to 10
PICCADILLY GRAND,"1,511,000",710.42,"2,127",May-22,NORTHUMBERLAND ROAD,New Sale,Strata,66,"22,894",-,Apartment,1,99 yrs lease commencing from 2021,08,Rest of Central Region,06 to 10
PICCADILLY GRAND,"1,828,000",882.65,"2,071",May-22,NORTHUMBERLAND ROAD,New Sale,Strata,82,"22,293",-,Apartment,1,99 yrs lease commencing from 2021,08,Rest of Central Region,06 to 10
PICCADILLY GRAND,"1,188,000",516.67,"2,299",May-22,NORTHUMBERLAND ROAD,New Sale,Strata,48,"24,750",-,Apartment,1,99 yrs lease commencing from 2021,08,Rest of Central Region,06 to 10
PICCADILLY GRAND,"1,511,000",710.42,"2,127",May-22,NORTHUMBERLAND ROAD,New Sale,Strata,66,"22,894",-,Apartment,1,99 yrs lease commencing from 2021,08,Rest of Central Region,06 to 10
PICCADILLY GRAND,"1,828,000",882.65,"2,071",May-22,NORTHUMBERLAND ROAD,New Sale,Strata,82,"22,293",-,Apartment,1,99 yrs lease commencing from 2021,08,Rest of Central Region,06 to 10
PICCADILLY GRAND,"1,518,000",710.42,"2,137",May-22,NORTHUMBERLAND ROAD,New Sale,Strata,66,"23,000",-,Apartment,1,99 yrs lease commencing from 2021,08,Rest of Central Region,06 to 10
PICCADILLY GRAND,"1,836,000",882.65,"2,080",May-22,NORTHUMBERLAND ROAD,New Sale,Strata,82,"22,390",-,Apartment,1,99 yrs lease commencing from 2021,08,Rest of Central Region,06 to 10
PICCADILLY GRAND,"1,419,000",645.84,"2,197",May-22,NORTHUMBERLAND ROAD,New Sale,Strata,60,"23,650",-,Apartment,1,99 yrs lease commencing from 2021,08,Rest of Central Region,11 to 15
PICCADILLY GRAND,"1,525,000",710.42,"2,147",May-22,NORTHUMBERLAND ROAD,New Sale,Strata,66,"23,106",-,Apartment,1,99 yrs lease commencing from 2021,08,Rest of Central Region,11 to 15
PICCADILLY GRAND,"1,426,000",645.84,"2,208",May-22,NORTHUMBERLAND ROAD,New Sale,Strata,60,"23,767",-,Apartment,1,99 yrs lease commencing from 2021,08,Rest of Central Region,11 to 15
PICCADILLY GRAND,"1,852,000",882.65,"2,098",May-22,NORTHUMBERLAND ROAD,New Sale,Strata,82,"22,585",-,Apartment,1,99 yrs lease commencing from 2021,08,Rest of Central Region,11 to 15
PICCADILLY GRAND,"1,433,000",645.84,"2,219",May-22,NORTHUMBERLAND ROAD,New Sale,Strata,60,"23,883",-,Apartment,1,99 yrs lease commencing from 2021,08,Rest of Central Region,11 to 15
PICCADILLY GRAND,"2,032,000","1,065.64","1,907",May-22,NORTHUMBERLAND ROAD,New Sale,Strata,99,"20,525",-,Apartment,1,99 yrs lease commencing from 2021,08,Rest of Central Region,21 to 25
PICCADILLY GRAND,"1,081,000",484.38,"2,232",May-22,NORTHUMBERLAND ROAD,New Sale,Strata,45,"24,022",-,Apartment,1,99 yrs lease commencing from 2021,08,Rest of Central Region,06 to 10
PICCADILLY GRAND,"1,076,000",484.38,"2,221",May-22,NORTHUMBERLAND ROAD,New Sale,Strata,45,"23,911",-,Apartment,1,99 yrs lease commencing from 2021,08,Rest of Central Region,06 to 10
PICCADILLY GRAND,"1,146,000",516.67,"2,218",May-22,NORTHUMBERLAND ROAD,New Sale,Strata,48,"23,875",-,Apartment,1,99 yrs lease commencing from 2021,08,Rest of Central Region,06 to 10
PICCADILLY GRAND,"1,087,000",484.38,"2,244",May-22,NORTHUMBERLAND ROAD,New Sale,Strata,45,"24,156",-,Apartment,1,99 yrs lease commencing from 2021,08,Rest of Central Region,06 to 10
PICCADILLY GRAND,"1,082,000",484.38,"2,234",May-22,NORTHUMBERLAND ROAD,New Sale,Strata,45,"24,044",-,Apartment,1,99 yrs lease commencing from 2021,08,Rest of Central Region,06 to 10
PICCADILLY GRAND,"1,152,000",516.67,"2,230",May-22,NORTHUMBERLAND ROAD,New Sale,Strata,48,"24,000",-,Apartment,1,99 yrs lease commencing from 2021,08,Rest of Central Region,06 to 10
PICCADILLY GRAND,"1,094,000",484.38,"2,259",May-22,NORTHUMBERLAND ROAD,New Sale,Strata,45,"24,311",-,Apartment,1,99 yrs lease commencing from 2021,08,Rest of Central Region,06 to 10
PICCADILLY GRAND,"1,164,000",516.67,"2,253",May-22,NORTHUMBERLAND ROAD,New Sale,Strata,48,"24,250",-,Apartment,1,99 yrs lease commencing from 2021,08,Rest of Central Region,06 to 10
PICCADILLY GRAND,"1,164,000",516.67,"2,253",May-22,NORTHUMBERLAND ROAD,New Sale,Strata,48,"24,250",-,Apartment,1,99 yrs lease commencing from 2021,08,Rest of Central Region,06 to 10
PICCADILLY GRAND,"1,496,000",710.42,"2,106",May-22,NORTHUMBERLAND ROAD,New Sale,Strata,66,"22,667",-,Apartment,1,99 yrs lease commencing from 2021,08,Rest of Central Region,06 to 10
PICCADILLY GRAND,"1,450,000",678.13,"2,138",May-22,NORTHUMBERLAND ROAD,New Sale,Strata,63,"23,016",-,Apartment,1,99 yrs lease commencing from 2021,08,Rest of Central Region,06 to 10
PICCADILLY GRAND,"1,503,000",710.42,"2,116",May-22,NORTHUMBERLAND ROAD,New Sale,Strata,66,"22,773",-,Apartment,1,99 yrs lease commencing from 2021,08,Rest of Central Region,11 to 15
PICCADILLY GRAND,"1,112,000",484.38,"2,296",May-22,NORTHUMBERLAND ROAD,New Sale,Strata,45,"24,711",-,Apartment,1,99 yrs lease commencing from 2021,08,Rest of Central Region,11 to 15
PICCADILLY GRAND,"1,569,000",710.42,"2,209",May-22,NORTHUMBERLAND ROAD,New Sale,Strata,66,"23,773",-,Apartment,1,99 yrs lease commencing from 2021,08,Rest of Central Region,11 to 15
PICCADILLY GRAND,"1,576,000",710.42,"2,218",May-22,NORTHUMBERLAND ROAD,New Sale,Strata,66,"23,879",-,Apartment,1,99 yrs lease commencing from 2021,08,Rest of Central Region,16 to 20
PICCADILLY GRAND,"1,492,000",678.13,"2,200",May-22,NORTHUMBERLAND ROAD,New Sale,Strata,63,"23,683",-,Apartment,1,99 yrs lease commencing from 2021,08,Rest of Central Region,16 to 20
PICCADILLY GRAND,"2,318,000","1,076.4","2,153",May-22,NORTHUMBERLAND ROAD,New Sale,Strata,100,"23,180",-,Apartment,1,99 yrs lease commencing from 2021,08,Rest of Central Region,16 to 20
PICCADILLY GRAND,"1,606,000",710.42,"2,261",May-22,NORTHUMBERLAND ROAD,New Sale,Strata,66,"24,333",-,Apartment,1,99 yrs lease commencing from 2021,08,Rest of Central Region,16 to 20
PICCADILLY GRAND,"1,620,000",710.42,"2,280",May-22,NORTHUMBERLAND ROAD,New Sale,Strata,66,"24,545",-,Apartment,1,99 yrs lease commencing from 2021,08,Rest of Central Region,21 to 25
1953,"1,242,000",613.55,"2,024",May-22,TESSENSOHN ROAD,New Sale,Strata,57,"21,789",-,Apartment,1,Freehold,08,Rest of Central Region,01 to 05
1953,"1,224,020",613.55,"1,995",Apr-22,TESSENSOHN ROAD,New Sale,Strata,57,"21,474",-,Apartment,1,Freehold,08,Rest of Central Region,01 to 05
UPTOWN @ FARRER,"3,900,000","2,271.2","1,717",Apr-22,PERUMAL ROAD,New Sale,Strata,211,"18,483",-,Apartment,1,99 yrs lease commencing from 2017,08,Rest of Central Region,21 to 25
UPTOWN @ FARRER,"3,000,000","1,948.28","1,540",Apr-22,PERUMAL ROAD,New Sale,Strata,181,"16,575",-,Apartment,1,99 yrs lease commencing from 2017,08,Rest of Central Region,01 to 05
1953,"1,254,000",613.55,"2,044",Mar-22,TESSENSOHN ROAD,New Sale,Strata,57,"22,000",-,Apartment,1,Freehold,08,Rest of Central Region,01 to 05
1953,"980,000",548.96,"1,785",Mar-22,TESSENSOHN ROAD,New Sale,Strata,51,"19,216",-,Apartment,1,Freehold,08,Rest of Central Region,01 to 05
UPTOWN @ FARRER,"1,975,000","1,291.68","1,529",Mar-22,PERUMAL ROAD,New Sale,Strata,120,"16,458",-,Apartment,1,99 yrs lease commencing from 2017,08,Rest of Central Region,01 to 05
UPTOWN @ FARRER,"3,100,000","1,829.88","1,694",Mar-22,PERUMAL ROAD,New Sale,Strata,170,"18,235",-,Apartment,1,99 yrs lease commencing from 2017,08,Rest of Central Region,21 to 25
1953,"1,260,000",613.55,"2,054",Mar-22,TESSENSOHN ROAD,New Sale,Strata,57,"22,105",-,Apartment,1,Freehold,08,Rest of Central Region,01 to 05
